;rider;PCS;Team;Age;Nationality;Team PCS;flat1-4;flat5-8;flat9-12;hills(flat)1-4;hills(flat)5-8;hills(flat)9-12;hills(uphill)1-4;hills(uphill)5-8;hills(uphill)9-12;mountains(flat)1-4;mountains(flat)5-8;mountains(flat)9-12;mountains(uphill)1-4;mountains(uphill)5-8;mountains(uphill)9-12;gc1-4;gc5-8;gc9-12;wielerpoule
0;rider/geraint-thomas;863;Team INEOS;33;Great Britain;5612;0.0;1.0;1.0;0.0;0.0;1.0;0.0;0.0;0.0;1.0;0.0;0.0;0.0;0.0;0.0;1.0;0.0;0.0;75.0
1;rider/egan-bernal;1991;Team INEOS;22;Colombia;5612;1.0;2.0;2.0;0.0;2.0;3.0;0.0;0.0;1.0;4.0;1.0;1.0;5.0;1.0;1.0;4.0;0.0;0.0;78.0
2;rider/jonathan-castroviejo;162;Team INEOS;32;Spain;5612;1.0;1.0;0.0;0.0;0.0;0.0;0.0;0.0;0.0;0.0;0.0;0.0;0.0;0.0;0.0;0.0;0.0;0.0;12.0
3;rider/michal-kwiatkowski;613;Team INEOS;29;Poland;5612;2.0;1.0;0.0;2.0;0.0;3.0;1.0;0.0;0.0;0.0;0.0;1.0;0.0;0.0;0.0;1.0;0.0;1.0;12.0
4;rider/gianni-moscon;384;Team INEOS;25;Italy;5612;1.0;1.0;0.0;1.0;0.0;0.0;1.0;1.0;0.0;0.0;0.0;0.0;0.0;0.0;0.0;0.0;1.0;0.0;12.0
5;rider/wout-poels;865;Team INEOS;32;Netherlands;5612;0.0;1.0;1.0;0.0;0.0;6.0;2.0;2.0;0.0;1.0;0.0;0.0;2.0;0.0;0.0;3.0;1.0;0.0;17.0
6;rider/luke-rowe;283;Team INEOS;29;Great Britain;5612;0.0;0.0;0.0;1.0;1.0;0.0;0.0;0.0;0.0;0.0;0.0;0.0;0.0;0.0;0.0;0.0;0.0;0.0;12.0
7;rider/dylan-van-baarle;451;Team INEOS;27;Netherlands;5612;2.0;0.0;1.0;1.0;0.0;2.0;1.0;0.0;0.0;1.0;0.0;0.0;0.0;0.0;0.0;1.0;1.0;0.0;12.0
8;rider/peter-sagan;1614;BORA - hansgrohe;29;Slovakia;5227;1.0;4.0;0.0;9.0;4.0;2.0;2.0;0.0;0.0;3.0;0.0;0.0;0.0;0.0;0.0;0.0;0.0;0.0;92.0
9;rider/emanuel-buchmann;1333;BORA - hansgrohe;27;Germany;5227;0.0;0.0;1.0;1.0;2.0;0.0;2.0;1.0;1.0;0.0;2.0;3.0;3.0;1.0;0.0;3.0;1.0;1.0;42.0
10;rider/marcus-burghardt;99;BORA - hansgrohe;36;Germany;5227;0.0;0.0;1.0;1.0;1.0;0.0;0.0;0.0;0.0;0.0;0.0;0.0;0.0;0.0;0.0;0.0;1.0;0.0;1.0
11;rider/patrick-konrad;611;BORA - hansgrohe;28;Austria;5227;0.0;0.0;0.0;0.0;4.0;1.0;0.0;3.0;1.0;1.0;0.0;1.0;1.0;0.0;1.0;2.0;0.0;1.0;3.0
12;rider/gregor-muhlberger;267;BORA - hansgrohe;25;Austria;5227;0.0;1.0;0.0;0.0;0.0;0.0;0.0;0.0;0.0;2.0;1.0;0.0;0.0;0.0;0.0;0.0;0.0;0.0;12.0
13;rider/daniel-oss;129;BORA - hansgrohe;32;Italy;5227;0.0;0.0;0.0;0.0;0.0;0.0;0.0;0.0;0.0;0.0;0.0;0.0;0.0;0.0;0.0;0.0;0.0;0.0;1.0
14;rider/lukas-postlberger;185;BORA - hansgrohe;27;Austria;5227;0.0;0.0;0.0;1.0;0.0;1.0;0.0;1.0;0.0;0.0;0.0;1.0;0.0;0.0;0.0;0.0;1.0;0.0;2.0
15;rider/maximilian-schachmann;989;BORA - hansgrohe;25;Germany;5227;0.0;0.0;1.0;5.0;1.0;1.0;2.0;3.0;0.0;2.0;2.0;0.0;0.0;1.0;2.0;0.0;0.0;5.0;1.0
16;rider/julian-alaphilippe;2265;Deceuninck - Quick Step;27;France;7715;3.0;0.0;0.0;9.0;1.0;2.0;3.0;1.0;1.0;1.0;1.0;0.0;0.0;0.0;0.0;1.0;2.0;0.0;89.0
17;rider/kasper-asgreen;719;Deceuninck - Quick Step;24;Denmark;7715;2.0;2.0;0.0;3.0;1.0;1.0;1.0;0.0;0.0;1.0;1.0;0.0;0.0;1.0;0.0;1.0;0.0;0.0;27.0
18;rider/dries-devenyns;202;Deceuninck - Quick Step;36;Belgium;7715;1.0;1.0;0.0;0.0;0.0;1.0;0.0;0.0;1.0;0.0;0.0;0.0;0.0;0.0;0.0;1.0;0.0;1.0;10.0
19;rider/yves-lampaert;979;Deceuninck - Quick Step;28;Belgium;7715;7.0;3.0;0.0;3.0;8.0;1.0;2.0;1.0;0.0;1.0;0.0;0.0;0.0;0.0;0.0;3.0;1.0;0.0;10.0
20;rider/enric-mas;871;Deceuninck - Quick Step;24;Spain;7715;0.0;0.0;1.0;1.0;2.0;3.0;1.0;0.0;1.0;0.0;0.0;0.0;2.0;1.0;1.0;2.0;0.0;3.0;14.0
21;rider/michael-morkov;425;Deceuninck - Quick Step;34;Denmark;7715;3.0;2.0;0.0;2.0;1.0;0.0;1.0;0.0;0.0;0.0;0.0;0.0;0.0;0.0;0.0;1.0;0.0;0.0;10.0
22;rider/ariel-maximiliano-richeze;391;Deceuninck - Quick Step;36;Argentina;7715;3.0;1.0;0.0;0.0;3.0;1.0;1.0;0.0;0.0;1.0;1.0;0.0;0.0;0.0;0.0;0.0;0.0;0.0;19.0
23;rider/elia-viviani;1863;Deceuninck - Quick Step;30;Italy;7715;6.0;2.0;1.0;12.0;1.0;0.0;0.0;1.0;0.0;1.0;1.0;0.0;0.0;0.0;0.0;0.0;0.0;0.0;70.0
24;rider/romain-bardet;824;AG2R La Mondiale;29;France;4118;0.0;0.0;0.0;0.0;0.0;2.0;0.0;0.0;0.0;0.0;0.0;2.0;3.0;1.0;1.0;1.0;1.0;1.0;12.0
25;rider/mikael-cherel;88;AG2R La Mondiale;33;France;4118;0.0;0.0;0.0;0.0;0.0;1.0;0.0;0.0;0.0;0.0;0.0;0.0;0.0;0.0;0.0;0.0;0.0;0.0;0.0
26;rider/benoit-cosnefroy;658;AG2R La Mondiale;24;France;4118;2.0;0.0;0.0;1.0;1.0;0.0;5.0;0.0;2.0;0.0;0.0;1.0;0.0;0.0;0.0;1.0;0.0;0.0;0.0
27;rider/mathias-frank;353;AG2R La Mondiale;33;Switzerland;4118;0.0;0.0;0.0;0.0;0.0;1.0;0.0;0.0;1.0;2.0;0.0;0.0;0.0;2.0;1.0;1.0;0.0;2.0;0.0
28;rider/tony-gallopin;359;AG2R La Mondiale;31;France;4118;1.0;0.0;0.0;4.0;0.0;0.0;0.0;0.0;1.0;0.0;0.0;0.0;0.0;2.0;1.0;3.0;0.0;0.0;0.0
29;rider/alexis-gougeard;266;AG2R La Mondiale;26;France;4118;0.0;0.0;2.0;1.0;0.0;1.0;1.0;0.0;0.0;0.0;0.0;0.0;0.0;0.0;0.0;1.0;1.0;0.0;0.0
30;rider/oliver-naesen;1335;AG2R La Mondiale;29;Belgium;4118;0.0;0.0;3.0;5.0;5.0;3.0;0.0;1.0;0.0;1.0;1.0;0.0;0.0;0.0;0.0;1.0;0.0;1.0;18.0
31;rider/alexis-vuillermoz;235;AG2R La Mondiale;31;France;4118;0.0;0.0;0.0;0.0;0.0;0.0;0.0;1.0;0.0;0.0;2.0;0.0;0.0;2.0;0.0;1.0;0.0;1.0;0.0
32;rider/vincenzo-nibali;968;Bahrain Merida;35;Italy;5023;1.0;0.0;1.0;0.0;3.0;1.0;2.0;1.0;0.0;4.0;1.0;0.0;0.0;3.0;0.0;2.0;0.0;0.0;19.0
33;rider/damiano-caruso;312;Bahrain Merida;32;Italy;5023;1.0;0.0;1.0;1.0;0.0;0.0;0.0;0.0;2.0;1.0;0.0;3.0;0.0;0.0;1.0;0.0;0.0;0.0;12.0
34;rider/sonny-colbrelli;924;Bahrain Merida;29;Italy;5023;0.0;2.0;0.0;7.0;4.0;3.0;1.0;1.0;0.0;1.0;2.0;0.0;0.0;0.0;0.0;1.0;0.0;0.0;39.0
35;rider/rohan-dennis;746;Bahrain Merida;29;Australia;5023;2.0;2.0;1.0;0.0;0.0;0.0;1.0;0.0;0.0;1.0;0.0;0.0;1.0;1.0;1.0;1.0;1.0;1.0;4.0
36;rider/ivan-garcia-cortina;489;Bahrain Merida;24;Spain;5023;2.0;0.0;0.0;3.0;3.0;0.0;0.0;0.0;0.0;1.0;0.0;2.0;0.0;0.0;0.0;0.0;1.0;0.0;9.0
37;rider/matej-mohoric;472;Bahrain Merida;25;Slovenia;5023;0.0;0.0;3.0;1.0;3.0;5.0;1.0;0.0;2.0;0.0;0.0;0.0;0.0;0.0;0.0;0.0;0.0;0.0;4.0
38;rider/dylan-teuns;894;Bahrain Merida;27;Belgium;5023;0.0;0.0;1.0;1.0;2.0;3.0;3.0;2.0;1.0;0.0;0.0;1.0;0.0;1.0;1.0;0.0;2.0;2.0;28.0
39;rider/jan-tratnik;218;Bahrain Merida;29;Slovenia;5023;1.0;0.0;1.0;0.0;0.0;0.0;1.0;0.0;1.0;0.0;0.0;0.0;0.0;0.0;0.0;0.0;0.0;0.0;14.0
40;rider/thibaut-pinot;959;Groupama - FDJ;29;France;3420;0.0;1.0;0.0;1.0;1.0;2.0;0.0;1.0;1.0;1.0;1.0;0.0;4.0;0.0;1.0;3.0;2.0;1.0;56.0
41;rider/william-bonnet;35;Groupama - FDJ;37;France;3420;0.0;0.0;0.0;0.0;0.0;0.0;0.0;0.0;0.0;0.0;0.0;0.0;0.0;0.0;0.0;0.0;0.0;0.0;5.0
42;rider/david-gaudu;822;Groupama - FDJ;23;France;3420;0.0;0.0;1.0;1.0;2.0;1.0;1.0;0.0;0.0;1.0;1.0;1.0;2.0;1.0;0.0;1.0;2.0;0.0;5.0
43;rider/stefan-kung;817;Groupama - FDJ;26;Switzerland;3420;3.0;3.0;2.0;2.0;0.0;2.0;1.0;0.0;0.0;1.0;0.0;1.0;0.0;0.0;0.0;1.0;1.0;0.0;5.0
44;rider/matthieu-ladagnous;45;Groupama - FDJ;35;France;3420;0.0;1.0;0.0;0.0;0.0;0.0;0.0;0.0;0.0;0.0;0.0;0.0;0.0;0.0;0.0;0.0;0.0;0.0;5.0
45;rider/rudy-molard;400;Groupama - FDJ;30;France;3420;0.0;0.0;0.0;0.0;0.0;2.0;0.0;0.0;0.0;1.0;0.0;2.0;0.0;0.0;2.0;0.0;2.0;1.0;5.0
46;rider/sebastien-reichenbach;264;Groupama - FDJ;30;Switzerland;3420;0.0;0.0;2.0;0.0;0.0;0.0;0.0;2.0;1.0;0.0;1.0;0.0;0.0;0.0;0.0;0.0;1.0;0.0;5.0
47;rider/anthony-roux;78;Groupama - FDJ;32;France;3420;1.0;2.0;1.0;0.0;1.0;0.0;0.0;0.0;0.0;0.0;0.0;0.0;0.0;0.0;0.0;0.0;0.0;0.0;5.0
48;rider/nairo-quintana;1292;Movistar Team;29;Colombia;5603;0.0;2.0;1.0;0.0;2.0;1.0;0.0;0.0;0.0;1.0;2.0;4.0;4.0;4.0;0.0;3.0;2.0;1.0;25.0
49;rider/alejandro-valverde;2230;Movistar Team;39;Spain;5603;0.0;2.0;0.0;2.0;3.0;2.0;5.0;3.0;2.0;2.0;0.0;1.0;9.0;3.0;1.0;5.0;0.0;1.0;22.0
50;rider/andrey-amador;205;Movistar Team;33;Costa Rica;5603;0.0;1.0;0.0;1.0;0.0;2.0;0.0;0.0;0.0;0.0;0.0;0.0;0.0;0.0;0.0;0.0;1.0;0.0;0.0
51;rider/imanol-erviti;93;Movistar Team;36;Spain;5603;0.0;1.0;0.0;0.0;0.0;0.0;0.0;0.0;0.0;0.0;0.0;0.0;0.0;0.0;0.0;0.0;0.0;0.0;0.0
52;rider/mikel-landa;998;Movistar Team;30;Spain;5603;0.0;1.0;0.0;2.0;3.0;2.0;0.0;0.0;2.0;0.0;2.0;0.0;2.0;0.0;0.0;2.0;1.0;0.0;41.0
53;rider/nelson-oliveira;268;Movistar Team;30;Portugal;5603;0.0;3.0;1.0;0.0;2.0;1.0;0.0;3.0;0.0;0.0;0.0;0.0;0.0;0.0;0.0;0.0;1.0;1.0;2.0
54;rider/marc-soler;367;Movistar Team;26;Spain;5603;0.0;2.0;1.0;0.0;1.0;0.0;0.0;1.0;0.0;1.0;0.0;0.0;0.0;1.0;3.0;0.0;1.0;2.0;0.0
55;rider/carlos-verona;150;Movistar Team;27;Spain;5603;0.0;0.0;0.0;0.0;1.0;0.0;0.0;0.0;1.0;0.0;0.0;0.0;0.0;0.0;1.0;0.0;0.0;0.0;0.0
56;rider/jakob-fuglsang;2183;Astana Pro Team;34;Denmark;5955;1.0;0.0;0.0;7.0;1.0;2.0;4.0;0.0;2.0;1.0;3.0;0.0;2.0;2.0;0.0;4.0;1.0;1.0;11.0
57;rider/pello-bilbao;573;Astana Pro Team;29;Spain;5955;0.0;0.0;0.0;3.0;1.0;1.0;1.0;3.0;3.0;0.0;2.0;0.0;1.0;0.0;1.0;3.0;0.0;0.0;15.0
58;rider/omar-fraile;178;Astana Pro Team;29;Spain;5955;1.0;0.0;1.0;1.0;1.0;1.0;1.0;0.0;0.0;0.0;0.0;1.0;0.0;0.0;0.0;0.0;1.0;0.0;3.0
59;rider/hugo-houle;190;Astana Pro Team;29;Canada;5955;0.0;0.0;0.0;0.0;0.0;1.0;0.0;0.0;0.0;0.0;0.0;1.0;0.0;1.0;0.0;0.0;1.0;0.0;3.0
60;rider/gorka-izagirre;531;Astana Pro Team;32;Spain;5955;1.0;0.0;0.0;2.0;1.0;2.0;0.0;0.0;0.0;0.0;1.0;1.0;0.0;0.0;0.0;1.0;0.0;0.0;10.0
61;rider/aleksey-lutsenko;1307;Astana Pro Team;27;Kazakhstan;5955;0.0;0.0;1.0;6.0;1.0;2.0;2.0;0.0;0.0;1.0;2.0;1.0;2.0;0.0;1.0;3.0;1.0;1.0;14.0
62;rider/magnus-cort-nielsen;196;Astana Pro Team;26;Denmark;5955;0.0;0.0;1.0;1.0;0.0;2.0;0.0;0.0;0.0;0.0;0.0;0.0;0.0;0.0;1.0;0.0;0.0;0.0;3.0
63;rider/luis-leon-sanchez;797;Astana Pro Team;36;Spain;5955;1.0;1.0;1.0;5.0;0.0;2.0;1.0;2.0;0.0;1.0;1.0;1.0;1.0;0.0;0.0;2.0;0.0;2.0;3.0
64;rider/steven-kruijswijk;903;Team Jumbo-Visma;32;Netherlands;6360;0.0;0.0;0.0;1.0;0.0;3.0;1.0;1.0;0.0;1.0;1.0;1.0;0.0;1.0;0.0;1.0;2.0;0.0;65.0
65;rider/george-bennett;483;Team Jumbo-Visma;29;New Zealand;6360;0.0;0.0;0.0;0.0;1.0;0.0;0.0;0.0;1.0;0.0;0.0;0.0;1.0;0.0;1.0;1.0;1.0;1.0;17.0
66;rider/laurens-de-plus;586;Team Jumbo-Visma;24;Belgium;6360;2.0;0.0;1.0;2.0;0.0;0.0;0.0;1.0;0.0;0.0;0.0;0.0;0.0;0.0;1.0;1.0;0.0;1.0;15.0
67;rider/dylan-groenewegen;1326;Team Jumbo-Visma;26;Netherlands;6360;13.0;3.0;1.0;7.0;1.0;0.0;1.0;0.0;0.0;0.0;0.0;0.0;0.0;0.0;0.0;1.0;1.0;0.0;72.0
68;rider/amund-grondahl-jansen;733;Team Jumbo-Visma;25;Norway;6360;0.0;3.0;1.0;4.0;5.0;1.0;0.0;2.0;1.0;0.0;0.0;0.0;0.0;0.0;0.0;3.0;1.0;1.0;15.0
69;rider/tony-martin;232;Team Jumbo-Visma;34;Germany;6360;2.0;1.0;0.0;0.0;0.0;0.0;1.0;0.0;0.0;0.0;0.0;0.0;0.0;0.0;0.0;0.0;0.0;0.0;15.0
70;rider/mike-teunissen;1237;Team Jumbo-Visma;27;Netherlands;6360;5.0;2.0;3.0;7.0;6.0;3.0;0.0;2.0;0.0;0.0;0.0;0.0;0.0;0.0;0.0;3.0;2.0;0.0;37.0
71;rider/wout-van-aert;860;Team Jumbo-Visma;25;Belgium;6360;0.0;0.0;0.0;4.0;1.0;0.0;0.0;0.0;0.0;1.0;0.0;0.0;0.0;0.0;0.0;0.0;0.0;0.0;46.0
72;rider/rigoberto-uran;503;EF Education First;32;Colombia;4148;2.0;0.0;0.0;0.0;1.0;0.0;0.0;0.0;1.0;1.0;0.0;0.0;2.0;1.0;0.0;1.0;1.0;1.0;32.0
73;rider/alberto-bettiol;667;EF Education First;26;Italy;4148;1.0;1.0;0.0;2.0;1.0;0.0;1.0;0.0;1.0;0.0;0.0;0.0;0.0;0.0;0.0;0.0;0.0;1.0;8.0
74;rider/simon-clarke;762;EF Education First;33;Australia;4148;0.0;2.0;1.0;5.0;2.0;3.0;2.0;0.0;1.0;0.0;0.0;0.0;0.0;0.0;0.0;1.0;1.0;2.0;17.0
75;rider/tanel-kangert;387;EF Education First;32;Estonia;4148;0.0;2.0;0.0;0.0;0.0;0.0;0.0;1.0;0.0;0.0;0.0;0.0;0.0;2.0;1.0;0.0;0.0;1.0;7.0
76;rider/sebastian-langeveld;263;EF Education First;34;Netherlands;4148;4.0;3.0;1.0;0.0;0.0;4.0;0.0;2.0;0.0;0.0;0.0;0.0;0.0;0.0;0.0;0.0;2.0;1.0;7.0
77;rider/thomas-scully;101;EF Education First;29;New Zealand;4148;2.0;4.0;1.0;0.0;0.0;2.0;0.0;1.0;0.0;0.0;0.0;0.0;0.0;0.0;0.0;0.0;1.0;1.0;7.0
78;rider/tejay-van-garderen;367;EF Education First;31;United States;4148;2.0;1.0;0.0;1.0;0.0;0.0;1.0;0.0;0.0;0.0;0.0;1.0;0.0;1.0;0.0;1.0;0.0;1.0;7.0
79;rider/michael-woods;1098;EF Education First;33;Canada;4148;0.0;1.0;1.0;2.0;4.0;2.0;1.0;2.0;1.0;2.0;1.0;1.0;2.0;0.0;2.0;1.0;2.0;1.0;7.0
80;rider/adam-yates;1306;Mitchelton-Scott;27;Great Britain;5597;1.0;0.0;0.0;5.0;3.0;2.0;2.0;4.0;0.0;1.0;2.0;1.0;3.0;1.0;0.0;3.0;3.0;0.0;2.0
81;rider/luke-durbridge;157;Mitchelton-Scott;28;Australia;5597;3.0;0.0;0.0;0.0;0.0;1.0;0.0;0.0;0.0;0.0;0.0;0.0;0.0;0.0;0.0;0.0;0.0;0.0;2.0
82;rider/jack-haig;658;Mitchelton-Scott;26;Australia;5597;1.0;0.0;0.0;2.0;0.0;1.0;1.0;1.0;1.0;1.0;2.0;2.0;0.0;0.0;1.0;1.0;3.0;0.0;2.0
83;rider/michael-hepburn;133;Mitchelton-Scott;28;Australia;5597;3.0;2.0;2.0;0.0;0.0;0.0;0.0;0.0;0.0;0.0;0.0;0.0;0.0;0.0;0.0;0.0;0.0;1.0;2.0
84;rider/daryl-impey;936;Mitchelton-Scott;35;South Africa;5597;1.0;0.0;0.0;3.0;0.0;2.0;2.0;0.0;2.0;3.0;1.0;0.0;0.0;0.0;0.0;2.0;0.0;0.0;17.0
85;rider/christopher-juul-jensen;131;Mitchelton-Scott;30;Denmark;5597;2.0;0.0;0.0;0.0;0.0;0.0;0.0;0.0;0.0;0.0;0.0;0.0;0.0;0.0;0.0;0.0;0.0;0.0;2.0
86;rider/matteo-trentin;1572;Mitchelton-Scott;30;Italy;5597;5.0;1.0;1.0;12.0;7.0;4.0;2.0;0.0;1.0;3.0;0.0;0.0;0.0;0.0;0.0;1.0;1.0;0.0;55.0
87;rider/simon-yates;704;Mitchelton-Scott;27;Great Britain;5597;1.0;0.0;0.0;0.0;0.0;1.0;2.0;1.0;1.0;2.0;1.0;0.0;1.0;0.0;1.0;0.0;1.0;1.0;32.0
88;rider/greg-van-avermaet;1847;CCC Team;34;Belgium;2940;1.0;0.0;2.0;8.0;5.0;3.0;5.0;0.0;0.0;0.0;0.0;0.0;0.0;0.0;0.0;2.0;1.0;0.0;39.0
89;rider/patrick-bevin;356;CCC Team;28;New Zealand;2940;1.0;4.0;0.0;3.0;1.0;0.0;1.0;1.0;0.0;0.0;2.0;2.0;0.0;1.0;0.0;0.0;0.0;0.0;0.0
90;rider/alessandro-de-marchi;163;CCC Team;33;Italy;2940;0.0;1.0;0.0;1.0;1.0;0.0;0.0;0.0;0.0;1.0;0.0;0.0;0.0;0.0;1.0;0.0;0.0;0.0;0.0
91;rider/simon-geschke;140;CCC Team;33;Germany;2940;1.0;0.0;0.0;0.0;0.0;1.0;1.0;0.0;2.0;1.0;0.0;0.0;0.0;0.0;0.0;0.0;1.0;1.0;0.0
92;rider/serge-pauwels;105;CCC Team;36;Belgium;2940;1.0;1.0;0.0;1.0;0.0;1.0;0.0;0.0;0.0;0.0;0.0;0.0;0.0;0.0;0.0;0.0;1.0;1.0;4.0
93;rider/joey-rosskopf;108;CCC Team;30;United States;2940;0.0;1.0;1.0;0.0;0.0;1.0;0.0;0.0;0.0;0.0;0.0;0.0;0.0;0.0;0.0;0.0;0.0;0.0;3.0
94;rider/michael-schar;111;CCC Team;33;Switzerland;2940;0.0;0.0;1.0;0.0;0.0;0.0;0.0;0.0;0.0;0.0;0.0;0.0;0.0;0.0;0.0;0.0;0.0;0.0;0.0
95;rider/lukasz-wisniowski;110;CCC Team;28;Poland;2940;1.0;0.0;1.0;1.0;0.0;1.0;0.0;0.0;0.0;0.0;0.0;0.0;0.0;0.0;0.0;0.0;1.0;0.0;0.0
96;rider/dan-martin;708;UAE-Team Emirates;33;Ireland;4500;0.0;0.0;0.0;1.0;1.0;0.0;0.0;1.0;2.0;0.0;0.0;1.0;2.0;3.0;0.0;2.0;2.0;0.0;0.0
97;rider/fabio-aru;231;UAE-Team Emirates;29;Italy;4500;0.0;0.0;0.0;0.0;0.0;0.0;0.0;1.0;0.0;0.0;1.0;0.0;0.0;1.0;1.0;0.0;0.0;0.0;0.0
98;rider/sven-erik-bystrom;125;UAE-Team Emirates;27;Norway;4500;0.0;0.0;1.0;0.0;2.0;3.0;0.0;0.0;0.0;0.0;0.0;0.0;0.0;0.0;0.0;0.0;0.0;1.0;0.0
99;rider/rui-costa;787;UAE-Team Emirates;33;Portugal;4500;0.0;1.0;0.0;0.0;1.0;2.0;4.0;0.0;2.0;2.0;0.0;0.0;2.0;1.0;1.0;2.0;0.0;3.0;5.0
100;rider/sergio-luis-henao;212;UAE-Team Emirates;32;Colombia;4500;0.0;1.0;0.0;0.0;0.0;2.0;0.0;0.0;0.0;0.0;0.0;0.0;0.0;1.0;2.0;0.0;1.0;2.0;0.0
101;rider/alexander-kristoff;1634;UAE-Team Emirates;32;Norway;4500;3.0;1.0;0.0;15.0;7.0;5.0;2.0;0.0;0.0;0.0;1.0;2.0;0.0;0.0;0.0;1.0;0.0;2.0;23.0
102;rider/vegard-stake-laengen;59;UAE-Team Emirates;30;Norway;4500;0.0;0.0;0.0;0.0;0.0;0.0;0.0;0.0;0.0;0.0;0.0;0.0;0.0;0.0;0.0;0.0;0.0;0.0;0.0
103;rider/jasper-philipsen;744;UAE-Team Emirates;21;Belgium;4500;4.0;1.0;4.0;5.0;3.0;0.0;0.0;2.0;1.0;1.0;1.0;0.0;0.0;0.0;0.0;0.0;1.0;1.0;15.0
104;rider/richie-porte;698;Trek - Segafredo;34;Australia;4442;0.0;0.0;1.0;1.0;0.0;1.0;1.0;1.0;0.0;0.0;0.0;0.0;1.0;0.0;0.0;1.0;2.0;1.0;15.0
105;rider/julien-bernard;92;Trek - Segafredo;27;France;4442;0.0;0.0;0.0;0.0;0.0;0.0;0.0;0.0;0.0;0.0;0.0;0.0;0.0;0.0;0.0;0.0;0.0;0.0;0.0
106;rider/giulio-ciccone;658;Trek - Segafredo;25;Italy;4442;0.0;0.0;0.0;1.0;2.0;1.0;0.0;0.0;1.0;2.0;0.0;0.0;2.0;1.0;1.0;0.0;1.0;0.0;12.0
107;rider/koen-de-kort;79;Trek - Segafredo;37;Netherlands;4442;0.0;0.0;1.0;0.0;0.0;0.0;0.0;0.0;0.0;0.0;0.0;0.0;0.0;0.0;0.0;0.0;0.0;1.0;0.0
108;rider/fabio-felline;184;Trek - Segafredo;29;Italy;4442;0.0;1.0;3.0;0.0;0.0;1.0;0.0;2.0;0.0;0.0;0.0;0.0;0.0;0.0;0.0;0.0;1.0;3.0;8.0
109;rider/bauke-mollema;1370;Trek - Segafredo;33;Netherlands;4442;0.0;0.0;0.0;1.0;3.0;4.0;4.0;2.0;4.0;1.0;0.0;2.0;1.0;2.0;1.0;1.0;1.0;0.0;9.0
110;rider/toms-skujins;427;Trek - Segafredo;28;Latvia;4442;0.0;0.0;1.0;1.0;1.0;2.0;1.0;0.0;0.0;0.0;0.0;0.0;0.0;0.0;0.0;0.0;0.0;1.0;4.0
111;rider/jasper-stuyven;934;Trek - Segafredo;27;Belgium;4442;0.0;1.0;3.0;3.0;7.0;2.0;1.0;3.0;0.0;1.0;0.0;0.0;0.0;0.0;0.0;1.0;1.0;0.0;48.0
112;rider/michael-matthews;1106;Team Sunweb;29;Australia;3368;1.0;0.0;0.0;2.0;3.0;2.0;2.0;1.0;0.0;2.0;1.0;0.0;0.0;0.0;0.0;0.0;0.0;0.0;61.0
113;rider/nikias-arndt;284;Team Sunweb;28;Germany;3368;4.0;0.0;1.0;3.0;2.0;0.0;0.0;0.0;0.0;0.0;0.0;0.0;0.0;0.0;0.0;1.0;0.0;0.0;13.0
114;rider/cees-bol;539;Team Sunweb;24;Netherlands;3368;4.0;1.0;1.0;6.0;2.0;2.0;0.0;1.0;1.0;1.0;0.0;0.0;0.0;0.0;0.0;1.0;1.0;1.0;14.0
115;rider/chad-haga;224;Team Sunweb;31;United States;3368;2.0;0.0;0.0;1.0;0.0;0.0;0.0;1.0;0.0;0.0;0.0;0.0;0.0;0.0;0.0;0.0;0.0;0.0;9.0
116;rider/lennard-kamna;183;Team Sunweb;23;Germany;3368;2.0;0.0;0.0;0.0;0.0;0.0;0.0;0.0;0.0;0.0;0.0;0.0;0.0;0.0;1.0;1.0;0.0;0.0;25.0
117;rider/wilco-kelderman;481;Team Sunweb;28;Netherlands;3368;2.0;0.0;0.0;0.0;0.0;0.0;0.0;2.0;1.0;1.0;0.0;1.0;0.0;2.0;4.0;0.0;2.0;1.0;9.0
118;rider/soren-kragh-andersen;296;Team Sunweb;25;Denmark;3368;5.0;1.0;0.0;1.0;3.0;1.0;1.0;0.0;0.0;0.0;0.0;0.0;0.0;0.0;0.0;2.0;0.0;0.0;9.0
119;rider/nicolas-roche;255;Team Sunweb;35;Ireland;3368;2.0;0.0;0.0;0.0;0.0;0.0;0.0;0.0;0.0;1.0;0.0;1.0;0.0;0.0;0.0;0.0;0.0;1.0;16.0
120;rider/christophe-laporte;666;Cofidis, Solutions Crédits;27;France;2637;6.0;2.0;3.0;4.0;0.0;3.0;1.0;1.0;0.0;0.0;0.0;0.0;0.0;0.0;0.0;2.0;0.0;0.0;3.0
121;rider/natnael-berhane;108;Cofidis, Solutions Crédits;28;Eritrea;2637;1.0;0.0;0.0;0.0;0.0;0.0;0.0;0.0;0.0;0.0;0.0;0.0;0.0;0.0;0.0;0.0;0.0;0.0;0.0
122;rider/nicolas-edet;256;Cofidis, Solutions Crédits;32;France;2637;0.0;0.0;0.0;0.0;0.0;1.0;0.0;0.0;0.0;0.0;0.0;1.0;1.0;3.0;1.0;0.0;1.0;1.0;0.0
123;rider/jesus-herrada-lopez;831;Cofidis, Solutions Crédits;29;Spain;2637;0.0;0.0;0.0;0.0;0.0;2.0;6.0;2.0;0.0;0.0;0.0;0.0;1.0;1.0;0.0;2.0;1.0;0.0;5.0
124;rider/anthony-perez;174;Cofidis, Solutions Crédits;28;France;2637;0.0;1.0;0.0;0.0;0.0;1.0;0.0;0.0;1.0;0.0;0.0;0.0;0.0;0.0;0.0;0.0;0.0;0.0;0.0
125;rider/pierre-luc-perichon;155;Cofidis, Solutions Crédits;32;France;2637;0.0;0.0;0.0;0.0;1.0;0.0;1.0;0.0;0.0;0.0;0.0;0.0;0.0;0.0;0.0;0.0;0.0;2.0;5.0
126;rider/stephane-rossetto;82;Cofidis, Solutions Crédits;32;France;2637;0.0;0.0;0.0;0.0;0.0;0.0;0.0;0.0;0.0;0.0;0.0;0.0;0.0;0.0;0.0;0.0;0.0;0.0;0.0
127;rider/julien-simon;365;Cofidis, Solutions Crédits;34;France;2637;0.0;1.0;2.0;1.0;3.0;0.0;2.0;1.0;1.0;0.0;1.0;0.0;0.0;0.0;1.0;0.0;1.0;3.0;7.0
128;rider/caleb-ewan;1592;Lotto Soudal;25;Australia;5481;9.0;0.0;0.0;7.0;0.0;0.0;4.0;0.0;0.0;1.0;0.0;0.0;0.0;0.0;0.0;0.0;0.0;0.0;87.0
129;rider/tiesj-benoot;1067;Lotto Soudal;25;Belgium;5481;0.0;1.0;0.0;2.0;2.0;1.0;1.0;2.0;3.0;0.0;1.0;0.0;1.0;2.0;1.0;1.0;0.0;4.0;30.0
130;rider/jasper-de-buyst;550;Lotto Soudal;26;Belgium;5481;1.0;0.0;3.0;3.0;7.0;2.0;3.0;2.0;0.0;0.0;0.0;0.0;0.0;0.0;0.0;2.0;1.0;0.0;2.0
131;rider/thomas-de-gendt;396;Lotto Soudal;33;Belgium;5481;0.0;0.0;1.0;2.0;1.0;0.0;0.0;0.0;0.0;1.0;1.0;0.0;0.0;1.0;1.0;0.0;0.0;0.0;25.0
132;rider/jens-keukeleire;520;Lotto Soudal;31;Belgium;5481;0.0;2.0;1.0;2.0;6.0;6.0;0.0;1.0;0.0;0.0;0.0;0.0;0.0;0.0;0.0;1.0;1.0;0.0;0.0
133;rider/roger-kluge;51;Lotto Soudal;33;Germany;5481;0.0;0.0;0.0;0.0;0.0;0.0;0.0;0.0;0.0;0.0;0.0;0.0;0.0;0.0;0.0;0.0;0.0;0.0;0.0
134;rider/maxime-monfort;91;Lotto Soudal;36;Belgium;5481;0.0;0.0;0.0;0.0;0.0;0.0;0.0;0.0;0.0;0.0;0.0;0.0;0.0;0.0;0.0;0.0;0.0;0.0;0.0
135;rider/tim-wellens;1214;Lotto Soudal;28;Belgium;5481;1.0;1.0;1.0;4.0;2.0;2.0;5.0;1.0;3.0;0.0;0.0;0.0;0.0;0.0;0.0;2.0;2.0;2.0;0.0
136;rider/lilian-calmejane;556;Team Total Direct Energie;27;France;2800;0.0;1.0;0.0;0.0;6.0;2.0;1.0;2.0;3.0;0.0;0.0;1.0;3.0;0.0;1.0;2.0;0.0;3.0;0.0
137;rider/niccolo-bonifazio;549;Team Total Direct Energie;26;Italy;2800;7.0;4.0;1.0;4.0;1.0;1.0;0.0;0.0;0.0;0.0;0.0;0.0;0.0;0.0;0.0;1.0;0.0;0.0;19.0
138;rider/fabien-grellier;51;Team Total Direct Energie;25;France;2800;0.0;0.0;0.0;0.0;0.0;0.0;0.0;0.0;0.0;0.0;0.0;0.0;1.0;0.0;0.0;0.0;0.0;0.0;0.0
139;rider/paul-ourselin;73;Team Total Direct Energie;25;France;2800;0.0;1.0;0.0;0.0;0.0;0.0;0.0;0.0;1.0;0.0;0.0;0.0;0.0;0.0;0.0;0.0;0.0;1.0;0.0
140;rider/romain-sicard;73;Team Total Direct Energie;31;France;2800;0.0;0.0;0.0;0.0;0.0;0.0;0.0;0.0;0.0;0.0;0.0;0.0;0.0;0.0;0.0;0.0;0.0;0.0;1.0
141;rider/rein-taaramae;278;Team Total Direct Energie;32;Estonia;2800;0.0;0.0;0.0;0.0;0.0;0.0;0.0;1.0;1.0;1.0;1.0;0.0;2.0;1.0;1.0;3.0;0.0;0.0;0.0
142;rider/niki-terpstra;513;Team Total Direct Energie;35;Netherlands;2800;1.0;1.0;2.0;2.0;0.0;0.0;2.0;0.0;1.0;0.0;0.0;0.0;0.0;0.0;0.0;1.0;0.0;0.0;0.0
143;rider/anthony-turgis;707;Team Total Direct Energie;25;France;2800;0.0;0.0;2.0;4.0;2.0;1.0;1.0;1.0;1.0;0.0;1.0;0.0;0.0;0.0;0.0;2.0;0.0;1.0;0.0
144;rider/ilnur-zakarin;519;Team Katusha Alpecin;30;Russia;2355;0.0;0.0;0.0;0.0;1.0;0.0;0.0;0.0;0.0;0.0;0.0;1.0;1.0;2.0;0.0;0.0;1.0;2.0;8.0
145;rider/jens-debusschere;303;Team Katusha Alpecin;30;Belgium;2355;2.0;0.0;2.0;1.0;2.0;1.0;0.0;0.0;0.0;0.0;0.0;1.0;0.0;0.0;0.0;0.0;0.0;0.0;18.0
146;rider/alex-dowsett;206;Team Katusha Alpecin;31;Great Britain;2355;0.0;1.0;0.0;0.0;1.0;0.0;0.0;0.0;0.0;0.0;0.0;0.0;0.0;0.0;0.0;0.0;0.0;1.0;8.0
147;rider/jose-goncalves;104;Team Katusha Alpecin;30;Portugal;2355;0.0;0.0;0.0;0.0;0.0;0.0;0.0;0.0;0.0;0.0;0.0;0.0;0.0;0.0;0.0;0.0;0.0;0.0;8.0
148;rider/marco-haller;274;Team Katusha Alpecin;28;Austria;2355;0.0;0.0;0.0;0.0;0.0;2.0;0.0;0.0;1.0;0.0;0.0;0.0;0.0;0.0;0.0;0.0;0.0;0.0;9.0
149;rider/nils-politt;724;Team Katusha Alpecin;25;Germany;2355;2.0;0.0;2.0;1.0;3.0;3.0;0.0;0.0;1.0;1.0;0.0;1.0;0.0;0.0;0.0;0.0;1.0;0.0;13.0
150;rider/mads-wurtz-schmidt;134;Team Katusha Alpecin;25;Denmark;2355;1.0;0.0;1.0;1.0;1.0;2.0;0.0;0.0;0.0;0.0;0.0;0.0;0.0;0.0;0.0;1.0;0.0;0.0;8.0
151;rider/rick-zabel;91;Team Katusha Alpecin;26;Germany;2355;1.0;0.0;1.0;0.0;1.0;1.0;0.0;0.0;0.0;0.0;0.0;0.0;0.0;0.0;0.0;0.0;0.0;0.0;8.0
152;rider/guillaume-martin;993;Wanty - Gobert Cycling Team;26;France;2853;0.0;0.0;0.0;2.0;2.0;1.0;3.0;6.0;2.0;1.0;1.0;1.0;1.0;2.0;1.0;2.0;2.0;0.0;1.0
153;rider/frederik-backaert;200;Wanty - Gobert Cycling Team;29;Belgium;2853;0.0;0.0;2.0;0.0;0.0;0.0;1.0;0.0;0.0;0.0;0.0;0.0;0.0;0.0;0.0;0.0;0.0;2.0;0.0
154;rider/aime-de-gendt;388;Wanty - Gobert Cycling Team;25;Belgium;2853;1.0;0.0;0.0;0.0;3.0;1.0;0.0;0.0;1.0;0.0;0.0;1.0;0.0;0.0;0.0;0.0;1.0;2.0;0.0
155;rider/odd-christian-eiking;343;Wanty - Gobert Cycling Team;25;Norway;2853;0.0;0.0;0.0;0.0;0.0;0.0;1.0;2.0;0.0;0.0;0.0;0.0;2.0;1.0;1.0;0.0;1.0;1.0;0.0
156;rider/xandro-meurisse;364;Wanty - Gobert Cycling Team;27;Belgium;2853;0.0;0.0;0.0;0.0;1.0;1.0;0.0;3.0;0.0;0.0;0.0;2.0;0.0;0.0;0.0;0.0;0.0;2.0;17.0
157;rider/yoann-offredo;25;Wanty - Gobert Cycling Team;33;France;2853;0.0;0.0;0.0;0.0;0.0;0.0;0.0;0.0;0.0;0.0;0.0;0.0;0.0;0.0;0.0;0.0;0.0;0.0;0.0
158;rider/andrea-pasqualon;512;Wanty - Gobert Cycling Team;31;Italy;2853;3.0;2.0;1.0;3.0;1.0;3.0;1.0;1.0;1.0;0.0;0.0;1.0;0.0;0.0;0.0;1.0;0.0;1.0;5.0
159;rider/kevin-van-melsen;28;Wanty - Gobert Cycling Team;32;Belgium;2853;0.0;0.0;1.0;0.0;0.0;0.0;0.0;0.0;0.0;0.0;0.0;0.0;0.0;0.0;0.0;0.0;0.0;0.0;0.0
160;rider/edvald-boasson-hagen;432;Team Dimension Data;32;Norway;2307;0.0;2.0;1.0;3.0;4.0;2.0;1.0;0.0;2.0;1.0;0.0;0.0;0.0;0.0;0.0;1.0;0.0;2.0;10.0
161;rider/lars-ytting-bak;92;Team Dimension Data;39;Denmark;2307;0.0;1.0;1.0;0.0;1.0;0.0;0.0;0.0;0.0;0.0;0.0;0.0;0.0;0.0;0.0;0.0;0.0;1.0;0.0
162;rider/stephen-cummings;84;Team Dimension Data;38;Great Britain;2307;0.0;1.0;0.0;0.0;0.0;2.0;0.0;1.0;0.0;0.0;0.0;0.0;0.0;0.0;0.0;0.0;0.0;2.0;0.0
163;rider/reinardt-janse-van-rensburg;252;Team Dimension Data;30;South Africa;2307;0.0;0.0;1.0;1.0;6.0;2.0;0.0;0.0;0.0;0.0;0.0;3.0;0.0;0.0;0.0;0.0;0.0;0.0;0.0
164;rider/benjamin-king-1;108;Team Dimension Data;30;United States;2307;0.0;0.0;0.0;0.0;0.0;0.0;0.0;0.0;0.0;1.0;0.0;0.0;0.0;0.0;0.0;0.0;0.0;0.0;0.0
165;rider/roman-kreuziger;245;Team Dimension Data;33;Czech Republic;2307;0.0;0.0;0.0;0.0;0.0;0.0;0.0;0.0;0.0;0.0;0.0;0.0;0.0;0.0;0.0;0.0;0.0;0.0;0.0
166;rider/giacomo-nizzolo;595;Team Dimension Data;30;Italy;2307;1.0;3.0;1.0;5.0;3.0;1.0;2.0;1.0;0.0;0.0;0.0;1.0;0.0;0.0;0.0;0.0;0.0;0.0;9.0
167;rider/michael-valgren-andersen;499;Team Dimension Data;27;Denmark;2307;0.0;0.0;0.0;1.0;4.0;0.0;0.0;0.0;0.0;0.0;0.0;0.0;0.0;0.0;1.0;0.0;0.0;1.0;0.0
168;rider/warren-barguil;606;Team Arkéa Samsic;28;France;1641;0.0;0.0;0.0;1.0;1.0;2.0;0.0;0.0;2.0;1.0;0.0;1.0;1.0;0.0;0.0;1.0;0.0;1.0;12.0
169;rider/maxime-bouet;30;Team Arkéa Samsic;33;France;1641;0.0;0.0;0.0;0.0;0.0;0.0;0.0;0.0;0.0;0.0;0.0;0.0;0.0;0.0;0.0;0.0;0.0;0.0;0.0
170;rider/anthony-delaplace;201;Team Arkéa Samsic;30;France;1641;0.0;1.0;1.0;0.0;1.0;1.0;0.0;1.0;1.0;0.0;0.0;0.0;0.0;0.0;0.0;0.0;1.0;1.0;3.0
171;rider/elie-gesbert;261;Team Arkéa Samsic;24;France;1641;0.0;0.0;0.0;0.0;3.0;0.0;0.0;1.0;4.0;0.0;0.0;0.0;2.0;2.0;1.0;1.0;1.0;2.0;0.0
172;rider/andre-greipel;358;Team Arkéa Samsic;37;Germany;1641;5.0;2.0;1.0;1.0;2.0;2.0;0.0;0.0;0.0;0.0;1.0;0.0;0.0;0.0;0.0;1.0;0.0;0.0;9.0
173;rider/kevin-ledanois;111;Team Arkéa Samsic;26;France;1641;0.0;2.0;1.0;1.0;0.0;1.0;0.0;0.0;0.0;0.0;0.0;0.0;0.0;0.0;0.0;0.0;0.0;0.0;0.0
174;rider/amael-moinard;41;Team Arkéa Samsic;37;France;1641;0.0;0.0;0.0;0.0;0.0;0.0;0.0;0.0;0.0;0.0;0.0;0.0;0.0;0.0;0.0;0.0;0.0;0.0;0.0
175;rider/florian-vachon;33;Team Arkéa Samsic;34;France;1641;0.0;0.0;0.0;0.0;0.0;0.0;0.0;0.0;0.0;0.0;0.0;0.0;0.0;0.0;0.0;0.0;0.0;0.0;0.0
